Fecha,Hogares_con_Internet
2015,39.0890581914906
2016,46.8585365948861
2017,50.7
2018,52.5
2019,55.8
2020,59.9
2021,66.4
2022,68.5013433621677
2023,71.6535206598211
2024,73.6054565200379
