Fecha,PIB_Nacional_Incompleto
2023,30.1593439606823
2024,32.3802547064678
